<?xml version="1.0"?>
<pagescount>
	<html_total>40</html_total>
	<html_done>40</html_done>
	<images>2</images>
	<script/>
	<css>1</css>
	<pdf/>
	<documents/>
	<excel/>
	<powerpoint/>
	<flash/>
	<audios/>
	<videos/>
	<xml/>
	<json/>
	<txt/>
	<autocad/>
	<model_3d/>
	<fonts>5</fonts>
	<scraping_reload>1</scraping_reload>
	<is_pretty_url>false</is_pretty_url>
	<has_trailing_slash>false</has_trailing_slash>
	<is_ebn>false</is_ebn>
	<email>masterpieceaman@gmail.com</email>
	<theme_name>k4807edfmhc5bdrnfia831016575</theme_name>
	<server_url_front_page>https://www6.waybackmachinedownloader.com/wdo/files/live/stake-game.in_masterpieceaman_gmail.com_tq3vixmcvh/</server_url_front_page>
	<no_www_url>stake-game.in</no_www_url>
	<hosted_domain/>
	<original_archive_url>http://stake-game.in/bonus.html</original_archive_url>
	<final_archive_url>https://stake-game.in/bonus.html</final_archive_url>
	<front_page_code_date/>
	<total_urls_from_api/>
	<max_reached_live>false</max_reached_live>
	<scrape_other_captures>false</scrape_other_captures>
	<total_size>6620</total_size>
</pagescount>
